timestamp,open,high,low,close,volume
2024-05-28 00:00:00,,,,69367.23871755725,18983806932.464344
2024-05-29 00:00:00,69367.23871755725,69367.23871755725,68316.63588049631,68316.63588049631,31278122196.184998
2024-05-30 00:00:00,68316.63588049631,68316.63588049631,67577.26558995963,67577.26558995963,24320692137.62038
2024-05-31 00:00:00,67577.26558995963,68372.49288434093,67577.26558995963,68372.49288434093,25344376897.716885
2024-06-01 00:00:00,68372.49288434093,68372.49288434093,67474.95483698409,67474.95483698409,19685305476.459476
2024-06-02 00:00:00,67474.95483698409,67704.32641811523,67474.95483698409,67704.32641811523,10724053324.55672
2024-06-03 00:00:00,67704.32641811523,67740.01690222476,67704.32641811523,67740.01690222476,16137350587.750422
2024-06-04 00:00:00,67740.01690222476,68808.29368590549,67740.01690222476,68808.29368590549,29862293749.910686
2024-06-05 00:00:00,68808.29368590549,70600.01116676089,68808.29368590549,70600.01116676089,31561053725.144592
2024-06-06 00:00:00,70600.01116676089,71184.59943059199,70600.01116676089,71184.59943059199,32560403314.989147
2024-06-07 00:00:00,71184.59943059199,71184.59943059199,70759.58819301432,70759.58819301432,23612879689.560955
2024-06-08 00:00:00,70759.58819301432,70759.58819301432,69325.36238847222,69325.36238847222,18597495569.911568
2024-06-09 00:00:00,69325.36238847222,69325.36238847222,69315.1041233966,69315.1041233966,10688301508.476225
2024-06-10 00:00:00,69315.1041233966,69654.16073760358,69315.1041233966,69654.16073760358,10461044041.080194
2024-06-11 00:00:00,69654.16073760358,69654.16073760358,69493.17760915738,69493.17760915738,19335866773.67523
2024-06-12 00:00:00,69493.17760915738,69493.17760915738,67329.15232724321,67329.15232724321,38513044382.60802
2024-06-13 00:00:00,67329.15232724321,68224.51967501991,67329.15232724321,68224.51967501991,36027809551.45211
2024-06-14 00:00:00,68224.51967501991,68224.51967501991,66700.31696564378,66700.31696564378,29654777884.381138
2024-06-15 00:00:00,66700.31696564378,66700.31696564378,66011.07873713733,66011.07873713733,27966992832.749634
2024-06-16 00:00:00,66011.07873713733,66190.4874891135,66011.07873713733,66190.4874891135,13472726244.723091
2024-06-17 00:00:00,66190.4874891135,66615.53782131766,66190.4874891135,66615.53782131766,12650130203.722813
2024-06-18 00:00:00,66615.53782131766,66615.53782131766,66460.38897909952,66460.38897909952,29409728999.276093
2024-06-19 00:00:00,66460.38897909952,66460.38897909952,65109.314812190474,65109.314812190474,41386972050.31837
2024-06-20 00:00:00,65109.314812190474,65109.314812190474,64907.07460760319,64907.07460760319,21680698980.889107
2024-06-21 00:00:00,64907.07460760319,64907.07460760319,64844.67441797763,64844.67441797763,26001551474.84426
2024-06-22 00:00:00,64844.67441797763,64844.67441797763,64071.624284709695,64071.624284709695,24694310198.90943
2024-06-23 00:00:00,64071.624284709695,64239.90348813148,64071.624284709695,64239.90348813148,6340606686.24879
2024-06-24 00:00:00,64239.90348813148,64239.90348813148,63221.35738437477,63221.35738437477,10748270931.518738
2024-06-25 00:00:00,63221.35738437477,63221.35738437477,60363.23497529626,60363.23497529626,42036553106.89028
2024-06-26 00:00:00,60363.23497529626,61770.413870095355,60363.23497529626,61770.413870095355,21105562261.648533
2024-06-27 00:00:00,61770.413870095355,61770.413870095355,60749.89619402014,60749.89619402014,22908540918.971207
2024-06-28 00:00:00,60749.89619402014,61562.64532550036,60749.89619402014,61562.64532550036,18855138893.067604
2024-06-29 00:00:00,61562.64532550036,61562.64532550036,60317.09697945116,60317.09697945116,24399416695.150173
2024-06-30 00:00:00,60317.09697945116,60864.44316193428,60317.09697945116,60864.44316193428,11435110883.886795
2024-07-01 00:00:00,60864.44316193428,62734.39383945474,60864.44316193428,62734.39383945474,17373592048.120487
2024-07-02 00:00:00,62734.39383945474,62819.82226921849,62734.39383945474,62819.82226921849,25573074910.689686
2024-07-03 00:00:00,62819.82226921849,62819.82226921849,62042.5650371006,62042.5650371006,18100530101.689426
2024-07-04 00:00:00,62042.5650371006,62042.5650371006,60244.68076433092,60244.68076433092,30348692427.02443
2024-07-05 00:00:00,60244.68076433092,60244.68076433092,57189.17412408636,57189.17412408636,43112005394.93119
2024-07-06 00:00:00,57189.17412408636,57189.17412408636,56739.86285107204,56739.86285107204,60081357583.2773
2024-07-07 00:00:00,56739.86285107204,58230.4841542266,56739.86285107204,58230.4841542266,21293913670.919975
2024-07-08 00:00:00,58230.4841542266,58230.4841542266,55880.3753776708,55880.3753776708,20211914621.326435
2024-07-09 00:00:00,55880.3753776708,56665.140733520275,55880.3753776708,56665.140733520275,41614266908.30467
2024-07-10 00:00:00,56665.140733520275,57988.30351208401,56665.140733520275,57988.30351208401,28413854577.262756
2024-07-11 00:00:00,57988.30351208401,57988.30351208401,57704.202284462874,57704.202284462874,25987656347.278587
2024-07-12 00:00:00,57704.202284462874,57704.202284462874,57388.192479166675,57388.192479166675,29196653598.752666
2024-07-13 00:00:00,57388.192479166675,57899.28895749592,57388.192479166675,57899.28895749592,25504482306.198975
2024-07-14 00:00:00,57899.28895749592,59152.71913887286,57899.28895749592,59152.71913887286,16765547593.243273
2024-07-15 00:00:00,59152.71913887286,60942.32773996293,59152.71913887286,60942.32773996293,21295520563.65442
2024-07-16 00:00:00,60942.32773996293,64835.48973321571,60942.32773996293,64835.48973321571,37810068492.862465
2024-07-17 00:00:00,64835.48973321571,65162.23625234354,64835.48973321571,65162.23625234354,40914441633.09575
2024-07-18 00:00:00,65162.23625234354,65162.23625234354,64136.31384360687,64136.31384360687,33459451713.593426
2024-07-19 00:00:00,64136.31384360687,64136.31384360687,63959.56900809379,63959.56900809379,25976148878.632153
2024-07-20 00:00:00,63959.56900809379,66689.54880734957,63959.56900809379,66689.54880734957,36994610752.230415
2024-07-21 00:00:00,66689.54880734957,67206.06470614894,66689.54880734957,67206.06470614894,17353396168.041622
2024-07-22 00:00:00,67206.06470614894,68088.13996324532,67206.06470614894,68088.13996324532,27078771827.95196
2024-07-23 00:00:00,68088.13996324532,68088.13996324532,67607.71339918874,67607.71339918874,43157593651.80313
2024-07-24 00:00:00,67607.71339918874,67607.71339918874,65942.41746522837,65942.41746522837,36100536095.18872
2024-07-25 00:00:00,65942.41746522837,65942.41746522837,65403.53513022529,65403.53513022529,28680123269.715443
2024-07-26 00:00:00,65403.53513022529,65749.96361965332,65403.53513022529,65749.96361965332,35836896135.542854
2024-07-27 00:00:00,65749.96361965332,67920.2964857025,65749.96361965332,67920.2964857025,30821370069.206276
2024-07-28 00:00:00,67920.2964857025,68055.40838968738,67920.2964857025,68055.40838968738,30976752616.761925
2024-07-29 00:00:00,68055.40838968738,68242.2474440493,68055.40838968738,68242.2474440493,17175244020.36542
2024-07-30 00:00:00,68242.2474440493,68242.2474440493,66770.32091848266,66770.32091848266,42529043667.45024
2024-07-31 00:00:00,66770.32091848266,66770.32091848266,66219.05102486102,66219.05102486102,28892376510.689587
2024-08-01 00:00:00,66219.05102486102,66219.05102486102,64679.778647032515,64679.778647032515,31403681581.194077
2024-08-02 00:00:00,64679.778647032515,65357.52960767435,64679.778647032515,65357.52960767435,38911302447.60912
2024-08-03 00:00:00,65357.52960767435,65357.52960767435,61407.29547397454,61407.29547397454,39004321616.3716
2024-08-04 00:00:00,61407.29547397454,61407.29547397454,60738.7449250574,60738.7449250574,32885545023.712658
2024-08-05 00:00:00,60738.7449250574,60738.7449250574,58006.206586686734,58006.206586686734,33664501541.451115
2024-08-06 00:00:00,58006.206586686734,58006.206586686734,53956.26184159744,53956.26184159744,120245972389.37173
2024-08-07 00:00:00,53956.26184159744,55959.84107399357,53956.26184159744,55959.84107399357,52620100833.47091
2024-08-08 00:00:00,55959.84107399357,55959.84107399357,55099.95181146735,55099.95181146735,41605918903.41173
2024-08-09 00:00:00,55099.95181146735,61859.03159904161,55099.95181146735,61859.03159904161,49201548320.290726
2024-08-10 00:00:00,61859.03159904161,61859.03159904161,60912.588533350805,60912.588533350805,33804208928.47938
2024-08-11 00:00:00,60912.588533350805,60912.588533350805,60887.70861641504,60887.70861641504,13418919090.197285
2024-08-12 00:00:00,60887.70861641504,60887.70861641504,58804.23449992608,58804.23449992608,21715994493.456894
2024-08-13 00:00:00,58804.23449992608,59350.07433270696,58804.23449992608,59350.07433270696,39403296385.84335
2024-08-14 00:00:00,59350.07433270696,60601.22317789727,59350.07433270696,60601.22317789727,31955576195.246292
2024-08-15 00:00:00,60601.22317789727,60601.22317789727,58739.19382231015,58739.19382231015,28079911397.67297
2024-08-16 00:00:00,58739.19382231015,58739.19382231015,57624.11692852191,57624.11692852191,33490251842.381626
2024-08-17 00:00:00,57624.11692852191,58881.92579151217,57624.11692852191,58881.92579151217,30368238897.207172
2024-08-18 00:00:00,58881.92579151217,59430.79163445865,58881.92579151217,59430.79163445865,12467437134.05582
2024-08-19 00:00:00,59430.79163445865,59430.79163445865,58438.293742685404,58438.293742685404,17656027563.72502
2024-08-20 00:00:00,58438.293742685404,59574.945812940874,58438.293742685404,59574.945812940874,24031330179.258953
2024-08-21 00:00:00,59574.945812940874,59574.945812940874,59060.12610074137,59060.12610074137,31470716090.619144
2024-08-22 00:00:00,59060.12610074137,61144.68762866613,59060.12610074137,61144.68762866613,32960965010.60808
2024-08-23 00:00:00,61144.68762866613,61144.68762866613,60387.54062321362,60387.54062321362,28170302505.847404
2024-08-24 00:00:00,60387.54062321362,64049.68561555576,60387.54062321362,64049.68561555576,45038665759.42134
2024-08-25 00:00:00,64049.68561555576,64157.1606134782,64049.68561555576,64157.1606134782,22029153446.354362
2024-08-26 00:00:00,64157.1606134782,64265.81631272862,64157.1606134782,64265.81631272862,17875230147.044323
2024-08-27 00:00:00,64265.81631272862,64265.81631272862,62922.58634676265,62922.58634676265,17894692681.091812
2024-08-28 00:00:00,62922.58634676265,62922.58634676265,59526.560879590994,59526.560879590994,38131727427.91789
2024-08-29 00:00:00,59526.560879590994,59526.560879590994,59015.29633887944,59015.29633887944,42018989572.42786
2024-08-30 00:00:00,59015.29633887944,59351.5794909728,59015.29633887944,59351.5794909728,32563333956.986053
2024-08-31 00:00:00,59351.5794909728,59351.5794909728,59156.246036463555,59156.246036463555,44038496614.947586
2024-09-01 00:00:00,59156.246036463555,59156.246036463555,58960.23658664587,58960.23658664587,11399086336.303324
2024-09-02 00:00:00,58960.23658664587,58960.23658664587,57357.71617282246,57357.71617282246,25465621877.97047
2024-09-03 00:00:00,57357.71617282246,59108.73235863689,57357.71617282246,59108.73235863689,28012782290.96625
2024-09-04 00:00:00,59108.73235863689,59108.73235863689,57504.538586220435,57504.538586220435,26829983370.35861
2024-09-05 00:00:00,57504.538586220435,57987.84601410068,57504.538586220435,57987.84601410068,37550380696.7459
2024-09-06 00:00:00,57987.84601410068,57987.84601410068,56132.404732088595,56132.404732088595,30005773445.693718
2024-09-07 00:00:00,56132.404732088595,56132.404732088595,53923.35611071905,53923.35611071905,50260816556.81667
2024-09-08 00:00:00,53923.35611071905,54150.9383589072,53923.35611071905,54150.9383589072,17048448412.007126
2024-09-09 00:00:00,54150.9383589072,54792.40755768575,54150.9383589072,54792.40755768575,18644823662.23431
2024-09-10 00:00:00,54792.40755768575,57049.118751143265,54792.40755768575,57049.118751143265,35655419448.07046
2024-09-11 00:00:00,57049.118751143265,57624.16178336144,57049.118751143265,57624.16178336144,29676093302.30697
2024-09-12 00:00:00,57624.16178336144,57624.16178336144,57381.764445000474,57381.764445000474,37765652735.2964
2024-09-13 00:00:00,57381.764445000474,58106.951229815284,57381.764445000474,58106.951229815284,34177859933.02337
2024-09-14 00:00:00,58106.951229815284,60620.62747295754,58106.951229815284,60620.62747295754,31919740723.76027
2024-09-15 00:00:00,60620.62747295754,60620.62747295754,60003.29940083042,60003.29940083042,15800120841.166773
2024-09-16 00:00:00,60003.29940083042,60003.29940083042,59214.80226801806,59214.80226801806,17289597542.866756
2024-09-17 00:00:00,59214.80226801806,59214.80226801806,58211.123231286256,58211.123231286256,32196570894.402115
2024-09-18 00:00:00,58211.123231286256,60317.0319794625,58211.123231286256,60317.0319794625,34191170117.78261
2024-09-19 00:00:00,60317.0319794625,61440.41208494509,60317.0319794625,61440.41208494509,40445339415.1129
2024-09-20 00:00:00,61440.41208494509,62966.52931910512,61440.41208494509,62966.52931910512,41959080716.28771
2024-09-21 00:00:00,62966.52931910512,63128.224540748255,62966.52931910512,63128.224540748255,35587830476.533394
2024-09-22 00:00:00,63128.224540748255,63403.402349259355,63128.224540748255,63403.402349259355,12938083115.659332
2024-09-23 00:00:00,63403.402349259355,63582.59956924825,63403.402349259355,63582.59956924825,20349365412.816723
2024-09-24 00:00:00,63582.59956924825,63582.59956924825,63327.02654450202,63327.02654450202,23998847798.757656
2024-09-25 00:00:00,63327.02654450202,64334.14274876097,63327.02654450202,64334.14274876097,31490984593.70592
2024-09-26 00:00:00,64334.14274876097,64334.14274876097,63151.89959401337,63151.89959401337,26087643765.748165
2024-09-27 00:00:00,63151.89959401337,65130.76884023231,63151.89959401337,65130.76884023231,37995568903.94455
2024-09-28 00:00:00,65130.76884023231,65791.00212541742,65130.76884023231,65791.00212541742,32664917503.931107
2024-09-29 00:00:00,65791.00212541742,65934.10709441357,65791.00212541742,65934.10709441357,15342911002.84781
2024-09-30 00:00:00,65934.10709441357,65934.10709441357,65663.68986662335,65663.68986662335,12948707838.938381
2024-10-01 00:00:00,65663.68986662335,65663.68986662335,63243.27532464382,63243.27532464382,35124446789.27111
2024-10-02 00:00:00,63243.27532464382,63243.27532464382,60872.668543725544,60872.668543725544,54251488433.95029
2024-10-03 00:00:00,60872.668543725544,60872.668543725544,60655.55979196848,60655.55979196848,41870731291.86736
2024-10-04 00:00:00,60655.55979196848,60727.86395169296,60655.55979196848,60727.86395169296,37711138441.76231
2024-10-05 00:00:00,60727.86395169296,62103.01047283253,60727.86395169296,62103.01047283253,30349059838.684578
2024-10-06 00:00:00,62103.01047283253,62103.01047283253,62091.932585194016,62091.932585194016,11095453162.990673
2024-10-07 00:00:00,62091.932585194016,62811.79972811266,62091.932585194016,62811.79972811266,14592422860.685436
2024-10-08 00:00:00,62811.79972811266,62811.79972811266,62287.39010510681,62287.39010510681,33878876147.30253
2024-10-09 00:00:00,62287.39010510681,62287.39010510681,62185.230423727575,62185.230423727575,28626429276.55382
2024-10-10 00:00:00,62185.230423727575,62185.230423727575,60597.15045618275,60597.15045618275,28530748117.898792
2024-10-11 00:00:00,60597.15045618275,60597.15045618275,60195.18073772453,60195.18073772453,29481971885.649742
2024-10-12 00:00:00,60195.18073772453,62392.34048293159,60195.18073772453,62392.34048293159,32008659336.482643
2024-10-13 00:00:00,62392.34048293159,63207.77062127557,62392.34048293159,63207.77062127557,17665963646.417107
2024-10-14 00:00:00,63207.77062127557,63207.77062127557,62829.533686088886,62829.533686088886,16784552979.060463
2024-10-15 00:00:00,62829.533686088886,66049.99492708022,62829.533686088886,66049.99492708022,46553796134.14602
2024-10-16 00:00:00,66049.99492708022,66962.21994496793,66049.99492708022,66962.21994496793,51797932876.82809
2024-10-17 00:00:00,66962.21994496793,67647.54414766871,66962.21994496793,67647.54414766871,40640495380.19594
2024-10-18 00:00:00,67647.54414766871,67647.54414766871,67328.10527002988,67328.10527002988,34512072357.92087
2024-10-19 00:00:00,67328.10527002988,68465.61920668735,67328.10527002988,68465.61920668735,39984956633.228035
2024-10-20 00:00:00,68465.61920668735,68465.61920668735,68388.87128965274,68388.87128965274,14110889435.452631
2024-10-21 00:00:00,68388.87128965274,68962.82918045693,68388.87128965274,68962.82918045693,17253863432.786995
2024-10-22 00:00:00,68962.82918045693,68962.82918045693,67394.85775735618,67394.85775735618,40485496091.95008
2024-10-23 00:00:00,67394.85775735618,67394.85775735618,67351.04793512498,67351.04793512498,31398389967.38113
2024-10-24 00:00:00,67351.04793512498,67351.04793512498,66683.96806542306,66683.96806542306,32676918488.059
2024-10-25 00:00:00,66683.96806542306,68214.05205157402,66683.96806542306,68214.05205157402,35892606570.03549
2024-10-26 00:00:00,68214.05205157402,68214.05205157402,66585.66535501445,66585.66535501445,48426924850.053406
2024-10-27 00:00:00,66585.66535501445,67018.1650170265,66585.66535501445,67018.1650170265,21169467789.89267
2024-10-28 00:00:00,67018.1650170265,67938.55412885673,67018.1650170265,67938.55412885673,16533385730.434193
2024-10-29 00:00:00,67938.55412885673,69845.304531169,67938.55412885673,69845.304531169,41990540384.96554
2024-10-30 00:00:00,69845.304531169,72781.11308158132,69845.304531169,72781.11308158132,65487782004.97014
2024-10-31 00:00:00,72781.11308158132,72781.11308158132,72342.62171127986,72342.62171127986,43498144313.67304
2024-11-01 00:00:00,72342.62171127986,72342.62171127986,70264.99735573279,70264.99735573279,45907074188.570145
2024-11-02 00:00:00,70264.99735573279,70264.99735573279,69507.92256395647,69507.92256395647,54863092261.31101
2024-11-03 00:00:00,69507.92256395647,69507.92256395647,69299.16036699413,69299.16036699413,14709379754.965973
2024-11-04 00:00:00,69299.16036699413,69299.16036699413,68803.50626277467,68803.50626277467,37659435506.757034
2024-11-05 00:00:00,68803.50626277467,68803.50626277467,67793.29782704762,67793.29782704762,46183110993.79166
2024-11-06 00:00:00,67793.29782704762,69335.42553133758,67793.29782704762,69335.42553133758,40025021601.49395
2024-11-07 00:00:00,69335.42553133758,75620.88606963192,69335.42553133758,75620.88606963192,128492534668.23851
2024-11-08 00:00:00,75620.88606963192,75987.24178320667,75620.88606963192,75987.24178320667,66590396087.4524
2024-11-09 00:00:00,75987.24178320667,76550.0213845611,75987.24178320667,76550.0213845611,50687468387.720375
2024-11-10 00:00:00,76550.0213845611,76630.22631415377,76550.0213845611,76630.22631415377,31430906055.796104
2024-11-11 00:00:00,76630.22631415377,80466.71654833542,76630.22631415377,80466.71654833542,93473126207.67865
2024-11-12 00:00:00,80466.71654833542,88637.42000322911,80466.71654833542,88637.42000322911,133959805308.72511
2024-11-13 00:00:00,88637.42000322911,88637.42000322911,88264.59974582895,88264.59974582895,152356811694.44943
2024-11-14 00:00:00,88264.59974582895,90488.10007497849,88264.59974582895,90488.10007497849,136046309843.60645
2024-11-15 00:00:00,90488.10007497849,90488.10007497849,87407.51273710128,87407.51273710128,99649391847.08359
2024-11-16 00:00:00,87407.51273710128,90947.97509443703,87407.51273710128,90947.97509443703,84382485697.84985
2024-11-17 00:00:00,90947.97509443703,90947.97509443703,90606.45489380708,90606.45489380708,49255174407.368774
2024-11-18 00:00:00,90606.45489380708,90606.45489380708,89841.47194135105,89841.47194135105,48556083101.64749
2024-11-19 00:00:00,89841.47194135105,90534.62459650292,89841.47194135105,90534.62459650292,77391724184.19348
2024-11-20 00:00:00,90534.62459650292,92251.65240738312,90534.62459650292,92251.65240738312,80493234958.49161
2024-11-21 00:00:00,92251.65240738312,94217.02229634205,92251.65240738312,94217.02229634205,80747272080.24826
2024-11-22 00:00:00,94217.02229634205,98509.11859102432,94217.02229634205,98509.11859102432,118163852022.3175
2024-11-23 00:00:00,98509.11859102432,98927.49494553401,98509.11859102432,98927.49494553401,85746174563.98602
2024-11-24 00:00:00,98927.49494553401,98927.49494553401,97679.46381643033,97679.46381643033,47414200206.70341
2024-11-25 00:00:00,97679.46381643033,98015.9355289458,97679.46381643033,98015.9355289458,50665680246.86775
2024-11-26 00:00:00,98015.9355289458,98015.9355289458,93004.70093103287,93004.70093103287,89476321216.0935
2024-11-27 00:00:00,93004.70093103287,93004.70093103287,91931.83077291827,91931.83077291827,97389239315.52954
2024-11-28 00:00:00,91931.83077291827,95981.18057210564,91931.83077291827,95981.18057210564,81469353259.75
2024-11-29 00:00:00,95981.18057210564,95981.18057210564,95661.59595817851,95661.59595817851,49067932024.40325
2024-11-30 00:00:00,95661.59595817851,97453.2473451042,95661.59595817851,97453.2473451042,74670031635.5065
2024-12-01 00:00:00,97453.2473451042,97453.2473451042,96513.14234698225,96513.14234698225,43580019720.720634
2024-12-02 00:00:00,96513.14234698225,97311.70719084324,96513.14234698225,97311.70719084324,49147687432.565895
2024-12-03 00:00:00,97311.70719084324,97311.70719084324,95833.1362300365,95833.1362300365,101019861361.49252
2024-12-04 00:00:00,95833.1362300365,96031.63097759831,95833.1362300365,96031.63097759831,87935752287.975
2024-12-05 00:00:00,96031.63097759831,98881.4694561823,96031.63097759831,98881.4694561823,98230784298.0459
2024-12-06 00:00:00,98881.4694561823,98881.4694561823,97201.50036407741,97201.50036407741,190460293531.53802
2024-12-07 00:00:00,97201.50036407741,99973.85150659826,97201.50036407741,99973.85150659826,115812632020.44765
2024-12-08 00:00:00,99973.85150659826,99973.85150659826,99781.82999198174,99781.82999198174,61061136199.7846
2024-12-09 00:00:00,99781.82999198174,101235.3717025316,99781.82999198174,101235.3717025316,62677764785.05408
2024-12-10 00:00:00,101235.3717025316,101235.3717025316,97353.94700820887,97353.94700820887,146846843211.51685
2024-12-11 00:00:00,97353.94700820887,97353.94700820887,96649.71446771531,96649.71446771531,125835977742.51114
2024-12-12 00:00:00,96649.71446771531,101123.61811033697,96649.71446771531,101123.61811033697,118484957960.76833
2024-12-13 00:00:00,101123.61811033697,101123.61811033697,100000.80836535197,100000.80836535197,100092043319.81221
2024-12-14 00:00:00,100000.80836535197,101352.22971292294,100000.80836535197,101352.22971292294,78802903278.85962
2024-12-15 00:00:00,101352.22971292294,101367.01064553364,101352.22971292294,101367.01064553364,57321924844.41535
2024-12-16 00:00:00,101367.01064553364,104721.50151808978,101367.01064553364,104721.50151808978,70645074624.52869
2024-12-17 00:00:00,104721.50151808978,106074.10723541168,104721.50151808978,106074.10723541168,115184737759.33566
2024-12-18 00:00:00,106074.10723541168,106074.10723541168,106034.913402645,106034.913402645,93417826250.1972
2024-12-19 00:00:00,106034.913402645,106034.913402645,100355.5761481501,100355.5761481501,113692025885.44745
2024-12-20 00:00:00,100355.5761481501,100355.5761481501,97851.35377075805,97851.35377075805,100611554887.24123
2024-12-21 00:00:00,97851.35377075805,97851.35377075805,97691.43431692653,97691.43431692653,112340864006.62827
2024-12-22 00:00:00,97691.43431692653,97691.43431692653,97202.82496847633,97202.82496847633,53058382639.48845
2024-12-23 00:00:00,97202.82496847633,97202.82496847633,95094.27394862173,95094.27394862173,44619017105.36954
2024-12-24 00:00:00,95094.27394862173,95094.27394862173,94644.91085464321,94644.91085464321,64937790292.61125
2024-12-25 00:00:00,94644.91085464321,98695.71400782601,94644.91085464321,98695.71400782601,49169088282.15742
2024-12-26 00:00:00,98695.71400782601,99344.95417367229,98695.71400782601,99344.95417367229,33963749856.44743
2024-12-27 00:00:00,99344.95417367229,99344.95417367229,95678.31244565405,95678.31244565405,45049342388.18843
2024-12-28 00:00:00,95678.31244565405,95678.31244565405,94331.94727053077,94331.94727053077,41498540807.666954
2024-12-29 00:00:00,94331.94727053077,95184.61945288602,94331.94727053077,95184.61945288602,22429850903.940086
2024-12-30 00:00:00,95184.61945288602,95184.61945288602,93663.44751964067,93663.44751964067,24065314499.502274
2024-12-31 00:00:00,93663.44751964067,93663.44751964067,92627.28213113277,92627.28213113277,57595164139.4709
2025-01-01 00:00:00,92627.28213113277,93507.85874741491,92627.28213113277,93507.85874741491,45327464907.74362
2025-01-02 00:00:00,93507.85874741491,94384.1761153871,93507.85874741491,94384.1761153871,23275007789.496334
2025-01-03 00:00:00,94384.1761153871,96852.14681235075,94384.1761153871,96852.14681235075,45157338602.617516
2025-01-04 00:00:00,96852.14681235075,98084.34279280754,96852.14681235075,98084.34279280754,35721645948.10051
2025-01-05 00:00:00,98084.34279280754,98256.73876849933,98084.34279280754,98256.73876849933,20979035420.980793
2025-01-06 00:00:00,98256.73876849933,98364.58946599838,98256.73876849933,98364.58946599838,20060293834.7155
2025-01-07 00:00:00,98364.58946599838,102229.39453189743,98364.58946599838,102229.39453189743,46111387334.46171
2025-01-08 00:00:00,102229.39453189743,102229.39453189743,96952.09886774956,96952.09886774956,60610257147.15405
2025-01-09 00:00:00,96952.09886774956,96952.09886774956,95016.71440989176,95016.71440989176,65790469838.34392
2025-01-10 00:00:00,95016.71440989176,95016.71440989176,92376.27578346101,92376.27578346101,65850881574.76184
2025-01-11 00:00:00,92376.27578346101,94736.6267420969,92376.27578346101,94736.6267420969,63433655716.757095
2025-01-12 00:00:00,94736.6267420969,94736.6267420969,94559.55167224213,94559.55167224213,17836423168.41627
2025-01-13 00:00:00,94559.55167224213,94559.55167224213,94454.77089638807,94454.77089638807,19608932595.53299
2025-01-14 00:00:00,94454.77089638807,94456.3493746993,94454.77089638807,94456.3493746993,76328330233.31137
2025-01-15 00:00:00,94456.3493746993,96574.07768799194,94456.3493746993,96574.07768799194,51241728228.81719
2025-01-16 00:00:00,96574.07768799194,100313.15239828422,96574.07768799194,100313.15239828422,57637319739.543396
2025-01-17 00:00:00,100313.15239828422,100313.15239828422,100044.57926776377,100044.57926776377,50150102497.2729
2025-01-18 00:00:00,100044.57926776377,104160.69358484233,100044.57926776377,104160.69358484233,69135117732.00064
2025-01-19 00:00:00,104160.69358484233,104334.61575724394,104160.69358484233,104334.61575724394,49416447749.13053
2025-01-20 00:00:00,104334.61575724394,104334.61575724394,101275.33714814208,101275.33714814208,72970313683.92325
2025-01-21 00:00:00,101275.33714814208,101764.90860170545,101275.33714814208,101764.90860170545,120158523166.88387
2025-01-22 00:00:00,101764.90860170545,106182.2368201815,101764.90860170545,106182.2368201815,95344290057.8965
2025-01-23 00:00:00,106182.2368201815,106182.2368201815,103673.53509537787,103673.53509537787,55030669602.56557
2025-01-24 00:00:00,103673.53509537787,104067.60991206947,103673.53509537787,104067.60991206947,102455227371.20761
2025-01-25 00:00:00,104067.60991206947,104835.19253555956,104067.60991206947,104835.19253555956,51418786362.7815
2025-01-26 00:00:00,104835.19253555956,104835.19253555956,104796.04077738234,104796.04077738234,22740744964.719296
2025-01-27 00:00:00,104796.04077738234,104796.04077738234,102552.24874280207,102552.24874280207,20639818380.26942
2025-01-28 00:00:00,102552.24874280207,102552.24874280207,101958.46953745594,101958.46953745594,93191643783.24739
2025-01-29 00:00:00,101958.46953745594,101958.46953745594,101313.11264498268,101313.11264498268,45780526813.56264
2025-01-30 00:00:00,101313.11264498268,103718.97939813645,101313.11264498268,103718.97939813645,47425401641.53094
2025-01-31 00:00:00,103718.97939813645,104781.5135100103,103718.97939813645,104781.5135100103,42122570869.034325
2025-02-01 00:00:00,104781.5135100103,104781.5135100103,102382.39409722165,102382.39409722165,37187819228.35328
2025-02-02 00:00:00,102382.39409722165,102382.39409722165,100674.78762544956,100674.78762544956,22827776122.48367
2025-02-03 00:00:00,100674.78762544956,100674.78762544956,97568.31653024875,97568.31653024875,59784234332.21204
2025-02-04 00:00:00,97568.31653024875,101466.8606657039,97568.31653024875,101466.8606657039,122163969235.23686
2025-02-05 00:00:00,101466.8606657039,101466.8606657039,98118.43921664466,98118.43921664466,73196693057.98114
2025-02-06 00:00:00,98118.43921664466,98118.43921664466,96582.88682919052,96582.88682919052,48848958931.79228
2025-02-07 00:00:00,96582.88682919052,96635.41875332211,96582.88682919052,96635.41875332211,44462180396.172516
2025-02-08 00:00:00,96635.41875332211,96635.41875332211,96558.4563096667,96558.4563096667,57077722340.22422
2025-02-09 00:00:00,96558.4563096667,96558.4563096667,96558.23762501091,96558.23762501091,20760850644.84597
2025-02-10 00:00:00,96558.23762501091,96558.23762501091,96548.57865379585,96548.57865379585,25457107581.051964
2025-02-11 00:00:00,96548.57865379585,97399.98161383197,96548.57865379585,97399.98161383197,37054987393.57789
2025-02-12 00:00:00,97399.98161383197,97399.98161383197,95739.97737079239,95739.97737079239,36454577154.5622
2025-02-13 00:00:00,95739.97737079239,97836.18856127483,95739.97737079239,97836.18856127483,47115618235.19051
2025-02-14 00:00:00,97836.18856127483,97836.18856127483,96561.6639990985,96561.6639990985,29084371910.690556
2025-02-15 00:00:00,96561.6639990985,97488.48148536457,96561.6639990985,97488.48148536457,32289906944.92862
2025-02-16 00:00:00,97488.48148536457,97569.95169430465,97488.48148536457,97569.95169430465,14215311318.346336
2025-02-17 00:00:00,97569.95169430465,97569.95169430465,96149.3484548204,96149.3484548204,13634794998.739267
2025-02-18 00:00:00,96149.3484548204,96149.3484548204,95776.15723852723,95776.15723852723,25324374113.08163
2025-02-19 00:00:00,95776.15723852723,95776.15723852723,95495.89153299287,95495.89153299287,38311133144.729355
2025-02-20 00:00:00,95495.89153299287,96554.87156259285,95495.89153299287,96554.87156259285,27703222487.389572
2025-02-21 00:00:00,96554.87156259285,98384.31738240314,96554.87156259285,98384.31738240314,24175261969.81266
2025-02-22 00:00:00,98384.31738240314,98384.31738240314,96135.15541305285,96135.15541305285,42477472950.92155
2025-02-23 00:00:00,96135.15541305285,96564.15414290235,96135.15541305285,96564.15414290235,18464415570.762142
2025-02-24 00:00:00,96564.15414290235,96564.15414290235,96327.46309127835,96327.46309127835,16643044374.983364
2025-02-25 00:00:00,96327.46309127835,96327.46309127835,91396.76686930266,91396.76686930266,45539703844.38777
2025-02-26 00:00:00,91396.76686930266,91396.76686930266,88755.7693356979,88755.7693356979,96742453402.56294
2025-02-27 00:00:00,88755.7693356979,88755.7693356979,83900.11496524839,83900.11496524839,69277430795.68657
2025-02-28 00:00:00,83900.11496524839,84709.14477847965,83900.11496524839,84709.14477847965,305190442156.92804
2025-03-01 00:00:00,84709.14477847965,84709.14477847965,84441.9012237131,84441.9012237131,80695237175.07367
2025-03-02 00:00:00,84441.9012237131,86005.25629681018,84441.9012237131,86005.25629681018,30634474722.6359
2025-03-03 00:00:00,86005.25629681018,94261.53286538439,86005.25629681018,94261.53286538439,61859112550.80991
2025-03-04 00:00:00,94261.53286538439,94261.53286538439,86124.71418722175,86124.71418722175,68715362745.4567
2025-03-05 00:00:00,86124.71418722175,87310.80531078295,86124.71418722175,87310.80531078295,65863356680.42408
2025-03-06 00:00:00,87310.80531078295,90604.08098523637,87310.80531078295,90604.08098523637,51606642859.81411
2025-03-07 00:00:00,90604.08098523637,90604.08098523637,90001.40087607042,90001.40087607042,47555759124.64708
2025-03-08 00:00:00,90001.40087607042,90001.40087607042,86773.33597555371,86773.33597555371,63216440874.73251
2025-03-09 00:00:00,86773.33597555371,86773.33597555371,86142.9833586432,86142.9833586432,18809360803.37126
2025-03-10 00:00:00,86142.9833586432,86142.9833586432,80751.13893300897,80751.13893300897,32013406240.51754
2025-03-11 00:00:00,80751.13893300897,80751.13893300897,78783.94057934263,78783.94057934263,49983692766.22745
2025-03-12 00:00:00,78783.94057934263,82799.1080292053,78783.94057934263,82799.1080292053,56404462275.083046
2025-03-13 00:00:00,82799.1080292053,83884.24578828987,82799.1080292053,83884.24578828987,41782186208.59073
2025-03-14 00:00:00,83884.24578828987,83884.24578828987,81098.90052436228,81098.90052436228,32583592654.882656
2025-03-15 00:00:00,81098.90052436228,83971.70916064628,81098.90052436228,83971.70916064628,28571483950.074646
2025-03-16 00:00:00,83971.70916064628,84391.69087647168,83971.70916064628,84391.69087647168,10761796127.312485
2025-03-17 00:00:00,84391.69087647168,84391.69087647168,82610.61750343916,82610.61750343916,21638031633.118767
2025-03-18 00:00:00,82610.61750343916,84075.36559694471,82610.61750343916,84075.36559694471,19659366246.596867
2025-03-19 00:00:00,84075.36559694471,84075.36559694471,82780.03048688271,82780.03048688271,24557570268.85276
2025-03-20 00:00:00,82780.03048688271,86815.44109470697,82780.03048688271,86815.44109470697,33871216993.304657
2025-03-21 00:00:00,86815.44109470697,86815.44109470697,84270.84358966233,84270.84358966233,27579127651.06656
2025-03-22 00:00:00,84270.84358966233,84270.84358966233,84009.532917822,84009.532917822,18091004975.919056
2025-03-23 00:00:00,84009.532917822,84009.532917822,83793.30854192551,83793.30854192551,7771134681.982918
2025-03-24 00:00:00,83793.30854192551,85787.70914901773,83793.30854192551,85787.70914901773,12617587530.619724
2025-03-25 00:00:00,85787.70914901773,87327.72969669085,85787.70914901773,87327.72969669085,27270889835.1835
2025-03-26 00:00:00,87327.72969669085,87520.58391530563,87327.72969669085,87520.58391530563,30351832942.705593
2025-03-27 00:00:00,87520.58391530563,87520.58391530563,86960.8555491039,86960.8555491039,25522877558.700558
2025-03-28 00:00:00,86960.8555491039,87227.27158032371,86960.8555491039,87227.27158032371,24620445368.489468
2025-03-29 00:00:00,87227.27158032371,87227.27158032371,84359.46915506005,84359.46915506005,31674486232.097313
2025-03-30 00:00:00,84359.46915506005,84359.46915506005,82679.17255385047,82679.17255385047,16837439419.924389
2025-03-31 00:00:00,82679.17255385047,82679.17255385047,82356.38111183756,82356.38111183756,13428975108.070734
2025-04-01 00:00:00,82356.38111183756,82514.09365397849,82356.38111183756,82514.09365397849,30326148749.91535
2025-04-02 00:00:00,82514.09365397849,85237.5876052852,82514.09365397849,85237.5876052852,29172899851.734768
2025-04-03 00:00:00,85237.5876052852,85237.5876052852,82526.4221526433,82526.4221526433,46332905657.77597
2025-04-04 00:00:00,82526.4221526433,83163.98757387721,82526.4221526433,83163.98757387721,36594464539.14662
2025-04-05 00:00:00,83163.98757387721,83852.00765399594,83163.98757387721,83852.00765399594,35647289400.47406
2025-04-06 00:00:00,83852.00765399594,83852.00765399594,83595.88550177493,83595.88550177493,14910400035.531416
2025-04-07 00:00:00,83595.88550177493,83595.88550177493,78211.48358199988,78211.48358199988,36140377231.68329
2025-04-08 00:00:00,78211.48358199988,79179.29226757778,78211.48358199988,79179.29226757778,82909748172.59216
2025-04-09 00:00:00,79179.29226757778,79179.29226757778,76329.090356324,76329.090356324,47812787635.22632
2025-04-10 00:00:00,76329.090356324,82622.17029546302,76329.090356324,82622.17029546302,87408220482.11568
2025-04-11 00:00:00,82622.17029546302,82622.17029546302,79596.35732250768,79596.35732250768,41213520154.25157
2025-04-12 00:00:00,79596.35732250768,83439.28818043756,79596.35732250768,83439.28818043756,39813566443.76779
2025-04-13 00:00:00,83439.28818043756,85305.09728392666,83439.28818043756,85305.09728392666,22428929482.069122
2025-04-14 00:00:00,85305.09728392666,85305.09728392666,83600.82010054543,83600.82010054543,28731125717.934357
2025-04-15 00:00:00,83600.82010054543,84523.4524914945,83600.82010054543,84523.4524914945,33155578229.343513
2025-04-16 00:00:00,84523.4524914945,84523.4524914945,83656.49248858042,83656.49248858042,25084671427.622566
2025-04-17 00:00:00,83656.49248858042,84105.77942167096,83656.49248858042,84105.77942167096,26948109141.803364
2025-04-18 00:00:00,84105.77942167096,84930.90857600998,84105.77942167096,84930.90857600998,19323821375.14309
2025-04-19 00:00:00,84930.90857600998,84930.90857600998,84433.75017215389,84433.75017215389,9550691272.782005
2025-04-20 00:00:00,84433.75017215389,85126.66244301842,84433.75017215389,85126.66244301842,12635983530.804455
2025-04-21 00:00:00,85126.66244301842,85126.66244301842,85073.16544858096,85073.16544858096,12625843856.313684
2025-04-22 00:00:00,85073.16544858096,87452.04699068287,85073.16544858096,87452.04699068287,40070025414.28289
2025-04-23 00:00:00,87452.04699068287,93576.16588573981,87452.04699068287,93576.16588573981,53841992235.36636
2025-04-24 00:00:00,93576.16588573981,93605.45230873208,93576.16588573981,93605.45230873208,39901515879.65954
2025-04-25 00:00:00,93605.45230873208,93872.81422867288,93605.45230873208,93872.81422867288,30031246761.093452
2025-04-26 00:00:00,93872.81422867288,94773.11200643536,93872.81422867288,94773.11200643536,39336184715.04292
2025-04-27 00:00:00,94773.11200643536,94773.11200643536,94644.06637120107,94644.06637120107,15445392739.787264
2025-04-28 00:00:00,94644.06637120107,94644.06637120107,93809.33781968223,93809.33781968223,15926259371.057959
2025-04-29 00:00:00,93809.33781968223,95030.60645474444,93809.33781968223,95030.60645474444,31913814736.53902
2025-04-30 00:00:00,95030.60645474444,95030.60645474444,94256.35946318062,94256.35946318062,25882629766.278946
2025-05-01 00:00:00,94256.35946318062,94256.35946318062,94235.75331048167,94235.75331048167,26541700309.366146
2025-05-02 00:00:00,94235.75331048167,96426.94522273027,94235.75331048167,96426.94522273027,30207566405.468834
2025-05-03 00:00:00,96426.94522273027,96855.5681343944,96426.94522273027,96855.5681343944,23276376191.483967
2025-05-04 00:00:00,96855.5681343944,96855.5681343944,95922.86842404422,95922.86842404422,13797554863.642815
2025-05-05 00:00:00,95922.86842404422,95922.86842404422,94326.62048529249,94326.62048529249,14903122945.616686
2025-05-06 00:00:00,94326.62048529249,94758.8237105546,94326.62048529249,94758.8237105546,24086456278.203846
2025-05-07 00:00:00,94758.8237105546,96854.53198815876,94758.8237105546,96854.53198815876,23348052607.071873
2025-05-08 00:00:00,96854.53198815876,97026.49376966801,96854.53198815876,97026.49376966801,64376174032.08048
2025-05-09 00:00:00,97026.49376966801,103076.27555512934,97026.49376966801,103076.27555512934,50020047720.65604
2025-05-10 00:00:00,103076.27555512934,103076.27555512934,102962.54045692299,102962.54045692299,40800894903.23446
2025-05-11 00:00:00,102962.54045692299,104630.8792994166,102962.54045692299,104630.8792994166,21558992540.042442
2025-05-12 00:00:00,104630.8792994166,104630.8792994166,103994.061616746,103994.061616746,27389436049.454792
2025-05-13 00:00:00,103994.061616746,103994.061616746,102876.8304286011,102876.8304286011,43090605819.36596
2025-05-14 00:00:00,102876.8304286011,104184.49039270742,102876.8304286011,104184.49039270742,33861432519.50822
2025-05-15 00:00:00,104184.49039270742,104184.49039270742,103594.42575090709,103594.42575090709,28398245846.798244
2025-05-16 00:00:00,103594.42575090709,103708.85136423641,103594.42575090709,103708.85136423641,31823340473.339912
2025-05-17 00:00:00,103708.85136423641,103708.85136423641,103556.03493982446,103556.03493982446,25887953182.14765
2025-05-18 00:00:00,103556.03493982446,103556.03493982446,103212.36483885496,103212.36483885496,18950056010.479057
2025-05-19 00:00:00,103212.36483885496,106030.6376831359,103212.36483885496,106030.6376831359,30744060179.802963
2025-05-20 00:00:00,106030.6376831359,106030.6376831359,105629.41580436694,105629.41580436694,43339734153.75087
2025-05-21 00:00:00,105629.41580436694,106786.71995834043,105629.41580436694,106786.71995834043,36393687094.25122
2025-05-22 00:00:00,106786.71995834043,109665.86371625263,106786.71995834043,109665.86371625263,60722883113.84
2025-05-23 00:00:00,109665.86371625263,111560.356938144,109665.86371625263,111560.356938144,52218408239.45193
2025-05-24 00:00:00,111560.356938144,111560.356938144,107216.66856870624,107216.66856870624,49251745837.96465
2025-05-25 00:00:00,107216.66856870624,107831.36374380375,107216.66856870624,107831.36374380375,27128230116.517162
2025-05-26 00:00:00,107831.36374380375,108861.81037744327,107831.36374380375,108861.81037744327,29652659665.048733
2025-05-27 00:00:00,108861.81037744327,109377.71513263129,108861.81037744327,109377.71513263129,27950577137.918888
2025-05-27 15:46:15,109377.71513263129,109882.9464383629,109377.71513263129,109882.9464383629,38590463921.01753
